bat_id,Attack_swot,Defend_swot,Leave_swot,Gentle Shot_swot,Back Foot_swot,Front Foot_swot,Wide Off Stump_swot,Outside Off Stump_swot,Stumps_swot,Down Leg Stump_swot,Wide Down Leg Stump_swot,Yorker_swot,Full Toss_swot,Full Length_swot,Good Length_swot,Short of Length_swot,Over Pitched_swot,Fine Leg Region_swot,Square Leg Region_swot,Wid-Wicket Region_swot,Long On Region_swot,Long Off Region_swot,Cover Region_swot,Point Region_swot,Third-man Region_swot
1,-0.402333,0.669031,-0.147375,0.16475,0.429076,-0.0626837,-0.025,-0.1938,0.0433621,0.0801205,-0.3,0.0643915,-0.0924898,0.646541,-0.144714,0.0199105,0.0539785,-0.331009,-0.178546,-0.209353,0.233681,-0.227725,-0.110207,0.688852,0.691331
8,-0.0160165,0.29972,0.719853,0.579507,0.246894,0.206275,-0.116667,0.575552,-0.0615872,-0.248907,-0.3,-0.396071,-0.469516,0.355729,-0.00315554,0.767289,0.110127,0.0303562,0.00599251,0.430045,-0.300293,0.619363,0.635239,0.127345,0.480393
19,0.357653,-0.225036,0.0792894,0.104425,0.395157,-0.43915,0.3,0.644964,0.0385059,-0.564791,-0.3,0.0225699,-0.534914,0.00979456,-0.360919,0.76756,-0.344603,-0.296636,0.55007,0.704657,0.61235,-0.0279,-0.155306,0.730099,0.182321
27,-0.3,-0.198818,-1,0.189289,-0.0583494,-0.198745,-0.3,-0.574446,0.407256,0.131384,0,-0.3,-0.3,0.310643,-0.389136,-0.447123,0.3,0.110443,-0.53562,-0.00976949,0.0688815,-0.396231,-0.108504,-0.379098,0.340818
118,-0.156267,-0.338676,0.0230842,-0.345063,0.0514918,0.0037649,-0.116667,0.334963,0.685647,-0.3,0,0.0352941,-0.0861699,0.447908,0.116263,0.308546,0,0.0420354,-0.485237,0.121489,0.143164,-0.118139,0.229751,0.0215523,-0.331286
120,0.186186,-0.456767,1,-0.548197,-0.742152,-0.215621,0.3,-0.0541318,-0.0965321,-0.63956,-0.3,-0.831259,0.0742027,-0.160348,-0.182816,-0.00385095,0.0478754,-0.049174,-0.570201,0.329497,-0.0833168,0.356914,-0.285722,-0.224766,-0.317485
123,0.253917,-0.466754,0.0439422,0.155019,-0.223451,-0.423169,-0.409259,-0.276114,0.151207,-0.257429,0,0.200037,0.034813,0.190769,0.122251,-0.230384,0.220796,0.0957839,0.476741,-0.327827,-0.127881,-0.0593176,0.66488,-0.171598,0.207129
137,-0.356069,0.381491,-1,-0.372444,-0.178597,0.206275,0,-0.337733,-0.258655,-0.0511246,0,0.301697,-0.726994,-0.329689,0.489421,-0.228267,-0.129114,-0.110565,-0.424636,-0.27877,-0.129187,0.459831,0.465376,-0.508076,0.689007
154,0.444623,-0.203014,-0.293799,0.683212,0.379863,0.050498,0,0.025446,0.250829,0.119652,-0.3,-0.262372,-0.00895343,-0.35786,0.663815,0.570003,0.05703,0.619165,-0.236018,-0.134258,0.718187,-0.144782,0.709302,0.772789,0.160663
161,0.135623,0.0941656,-0.38204,-0.0101222,-0.53407,-0.0187362,0,-0.425555,-0.156474,-0.186478,-0.3,-0.849512,0.0534137,-0.392137,-0.250506,0.707021,0.011257,0.0990413,-0.189291,0.666251,0.10017,-0.457766,-0.42245,-0.199341,0.697579
189,0.101697,-0.317419,0.160775,-0.0514867,0.601304,-0.262206,0,0.790094,0.152467,0.120793,-0.3,0.0499923,0.345959,0.323792,-0.189319,0.360149,0.0557222,0.2263,-0.00191466,0.484896,-0.0543038,0.627802,-0.0951166,0.702711,-0.227104
209,0.723559,-0.0470822,0.0221992,0.724805,-0.0124913,0.360502,0.0666667,-0.124941,0.336901,0.180996,-0.0889943,0.349551,0.843822,0.110114,0.0853117,0.337483,-0.343296,-0.104339,0.707565,0.742237,0.457652,0.238771,0.276437,-0.254725,-0.188665
213,-0.0386647,0.51396,0.941801,-0.408937,0.07346,-0.061753,0,-0.131967,-0.0930119,-0.764579,-0.3,-0.729473,-0.565881,-0.0712228,0.212123,0.375473,-0.06198,-0.0361441,-0.533058,0.816464,0.173997,0.702794,-0.550731,0.351255,0.424753
218,-0.349529,-0.266945,0.0181158,-0.511242,-0.0562769,-0.577452,0,-0.129307,-0.16476,0.165699,-0.3,-0.0912088,-0.0419291,0.670817,-0.54276,-0.0267575,0,-0.288329,-0.055705,0.742609,0.11979,-0.49303,0.028063,0.13292,-0.127886
222,-0.252654,-0.63478,-0.435917,-0.608286,-0.767035,-0.110147,0,-0.539888,-0.609174,-0.162339,-0.3,-0.721264,0.13657,-0.592489,0.394045,-0.172957,-0.3,-0.0361441,-0.109341,0.100754,-0.583331,-0.583614,-0.0987626,-0.673329,-0.0843561
223,0.0974814,-1,-1,-0.279201,0.137052,0.0221749,-1,-0.319484,-0.56536,-0.3,-0.3,0.138462,-0.019348,-0.732066,-0.392431,-0.445247,0,-0.0947787,-0.590178,-0.0462355,-0.40786,0.723659,-0.431054,-0.235813,-0.415678
224,0.679002,-0.23042,-0.239294,0.830135,0.522088,-0.0742288,-0.3,-0.310267,0.101817,-0.172546,-1,0.0575204,0.0251595,-0.145248,0.59066,0.324477,0.111958,-0.0071429,0.284294,0.214571,-0.277669,-0.0730122,-0.217262,-0.488782,0.12398
226,-0.12807,0.642685,-0.0872244,0.771077,-0.0814739,-0.0806142,-0.3,-0.350433,-0.172285,-0.335693,-0.3,0.0350352,-0.125372,-0.363078,-0.483684,0.47749,0.285895,0.125433,0.0667939,0.707167,0.869962,0.458472,-0.0677464,-0.182324,-0.106763
228,0.0696212,-0.247089,0.0784598,0.183113,-0.0454715,-0.0698751,0,-0.234909,-0.0992783,0.23923,-0.3,0.3,-0.112899,-0.0906132,-0.765202,0.173849,-0.0698268,0.00783188,-0.400662,-0.453052,-0.0781164,0.0235313,-0.107345,0.14199,-0.410173
230,-0.141591,0.161388,-0.15192,-0.172655,0.203272,-0.3,0,0.205028,-0.317182,-0.255064,-0.3,-0.23613,-0.131609,0.0991396,0.603301,-0.370835,-0.226763,0.0811252,-0.53012,-0.28621,-0.562046,0.372779,-0.210126,-0.563132,-0.118377
232,-0.220795,-0.887282,-0.747356,-0.732304,0.00755528,-0.0468626,0.0666667,-0.194575,-0.520315,-0.3,-0.3,-0.0369231,0.3,0.458841,-0.365823,0.00833395,0.285895,0.110443,-0.0140113,-0.699939,-0.114417,0.00358786,-0.322592,-0.377816,-0.276166
236,-0.497064,-0.172591,-0.0632404,-0.450726,0.179786,0.250299,0.3,0.255511,-0.108065,0.0652849,-0.3,0.692308,-0.435624,-0.199107,0.226405,-0.194404,0.0417723,-0.0332124,-0.137637,-0.392819,-0.222784,-0.186623,-0.456093,-0.257805,0.0375512
238,-0.532301,0.333992,-0.805841,0.142069,0.0459997,-0.3,0,-0.347932,-0.0939204,-0.0753208,0,-0.174725,-0.354009,-0.0265736,-0.0978867,-0.223581,-0.153526,-0.464795,-0.0528493,0.34395,-0.659369,-0.113242,0.0811894,-0.439778,-0.148316
239,-0.565708,-0.12784,-1,-0.840647,0.0193843,0.0543924,0.3,-0.497605,-0.634161,-0.0640868,-0.3,0.0946154,-0.531926,-0.394669,0.181463,0.0213967,0.080832,-0.70004,0.185314,-0.499041,0.112565,-0.0465225,0.330771,0.154373,-0.443635
240,0.334636,1,0.0976897,0.0734907,-0.292962,-0.0685601,-0.459259,0.71312,0.0448937,-0.194269,-0.3,0.773504,-0.238794,0.298206,0.080098,-0.0610907,0.00379764,-0.270213,0.697696,-0.30689,-0.0887386,0.198735,0.231153,-0.0768182,0.496828
256,-0.507729,-0.305849,-0.52613,0.490113,0.0145452,-0.757953,0,-0.201236,0.478325,0.0171942,-0.3,0.138462,0.0118356,0.680213,0.708235,0.0284432,-0.0949366,-0.00149635,-0.0720034,-0.0710346,-0.183935,-0.114616,0.0477108,-0.332044,-0.584176
284,-0.604291,-0.134272,0.101241,0.0837185,-0.154316,0.140239,0,0.348476,0.696633,-0.634272,0,-0.153846,-0.0380581,0.407043,-0.51753,-0.418774,-0.177938,0.0456358,-0.467694,-0.115308,-0.0656832,-0.0488973,-0.0264346,-0.433931,0.774192
336,-0.493435,-0.745647,-0.0576869,0.53198,-0.496285,-0.164993,0.0666667,-0.327625,-0.569903,-0.3,-0.3,-0.79646,-0.0380581,-0.324093,-0.406472,-0.426024,-0.691896,-0.595838,0.000588737,-0.132175,-0.419838,0.458856,0.0468621,-0.437963,0.766252
338,0.0218393,-0.646822,-0.0715684,0.765336,0.246115,-0.409632,0.3,0.749279,0.00876735,-0.159331,-0.3,-0.448093,-0.410182,0.153832,-0.201305,0.730312,-0.036347,-0.029972,0.0433086,0.751625,0.361248,-0.426832,-0.256272,0.428278,-0.0673916
342,0.172384,-0.53943,-0.275033,0.216614,-0.255042,-0.193846,0,0.750039,-0.239787,0.492612,-0.3,-0.112088,-0.169029,-0.100676,-0.548943,0.291561,-0.24141,-0.00795437,0.110042,0.612078,0.0572881,0.649926,0.224993,-0.251709,-0.219876
355,-0.0573937,0.139469,-0.0281481,-0.214128,-0.376943,0.4916,0.0666667,0.0791813,0.373191,0.0915327,-1,0.289737,-0.0517423,0.0891377,0.329308,-0.153997,0.115009,-0.448103,0.00900415,-0.0598261,0.221693,-0.0220868,0.169584,-0.252393,0.672428
358,-0.240152,-0.718733,0.284002,0.529201,0.0817928,0.3,0,-0.413524,-0.162545,-0.10866,-0.3,-0.601683,0.154389,0.772798,-0.809039,0.498964,0.285895,0.13976,-0.361299,-0.332645,-0.279478,-0.0579816,0.836051,0.167543,0.752687
359,0.333515,-0.640949,-0.466317,0.290291,0.0884909,-0.161925,0,0.46,0.0597491,-0.487981,0,0.0785965,0.105386,-0.262663,-0.758765,0.178768,0.285895,-0.0191709,0.0972065,0.487569,-0.0934594,0.107707,0.59086,0.177754,-0.268311
360,-0.108404,-0.138022,0.568296,-0.351051,0.194651,-0.0310415,-0.3,0.341482,-0.309731,-0.0196004,-0.3,-0.153846,-0.055329,-0.00662966,-0.376348,0.502509,0.0092226,-0.50835,0.673472,-0.567558,-0.307466,0.595984,0.429544,-0.269631,-0.00522773
384,-0.0821875,-0.462051,-0.61727,0.108241,-0.0693335,-0.3,0,0.407519,-0.387691,-0.411726,0,-0.336139,-0.12849,0.535402,-0.0673824,-0.127544,-0.3,-0.163186,-0.0219554,0.166026,0.136842,-0.628963,-0.233457,0.0046285,0.717418
390,0.304993,-0.493751,-0.0778796,0.0718598,-0.0172476,-0.056238,0,-0.0527573,-0.292065,-0.145934,0,-0.577767,-0.150319,0.764942,-0.384116,0.396403,-0.153526,-0.00682678,-0.103909,-0.476968,-0.408752,0.3715,-0.532331,-0.00928664,0.941053
422,0.0960227,-0.364116,0.312785,-0.451643,-0.618537,-0.187494,0,-0.22974,-0.547568,-0.81978,-0.3,0.138462,-0.890836,0.552514,0.308222,-0.797194,-0.3,0.076239,-0.749761,-0.362695,0.00887209,-0.544504,-0.571747,-0.0722338,-0.274724
440,-1,-1,-1,0.465509,0.13157,0.0543924,0,-0.697636,0.164219,-0.00587451,0,-0.495484,-0.3,-0.146245,-0.304432,-0.216293,0.139422,0.3,-0.387697,-0.549487,-0.606718,-0.482973,-0.00467477,-0.167314,-0.217752
463,-0.327389,-0.516031,-0.147375,0.456247,-0.0188295,-0.0468626,0.0666667,-0.430302,-0.031969,-0.291897,-0.3,-1,0.00403972,0.17809,0.779632,-0.277057,-0.0203681,0.0693983,0.0881774,0.335002,-0.222344,0.683884,0.83067,-0.0414972,0.696257
464,0.748152,0.695665,0.160539,0.741949,-0.14089,0.329559,0,0.105865,0.769812,0.647035,0.3,0.185749,0.559424,0.537178,0.339968,0.481493,-0.356273,0.729742,0.666173,0.690545,0.0904029,0.208963,0.719782,0.391329,-0.0626762
473,0.155244,-0.0567986,-0.24447,0.165746,-0.600651,-0.140124,0,-0.129677,-0.214864,-0.447516,0,-0.0807692,-0.019348,-0.26908,0.0615727,0.226432,-0.00705227,-0.0214854,0.0781406,-0.37396,-0.010583,0.744263,0.445975,0.0662123,-0.153442
479,-0.476858,-0.209885,-0.388405,-0.303754,-0.115467,-0.215621,-0.3,-0.468685,-0.225751,0.3,0,-0.0494506,-0.089511,-0.389746,-0.844051,0.3055,-0.768413,0.0472975,0.0395071,0.384485,-0.0269791,-0.667525,-0.0290167,-0.237034,-0.425523
499,-0.198231,-0.107755,1,-0.587409,0.543042,-0.102639,0,0.314862,0.669936,-0.232596,-0.3,0.0774677,-0.3,0.776784,-0.06828,0.0632746,0,-0.533675,0.046011,0.0516254,-0.0451805,-0.162678,0.278592,-0.262056,-0.100462
523,-0.472388,-0.179806,-0.274375,-0.62501,-0.469934,-0.107965,-0.3,-0.502197,-0.712126,-0.0689014,0,-0.0807692,0.0207452,0.1748,-0.318722,-0.0308669,0.139422,-0.0339724,-0.0696202,-0.404165,-0.502265,0.682486,0.133603,-0.0749134,-0.412872
525,-0.392627,-0.0599765,0.400595,0.35016,-0.0814798,-0.0100976,-0.259259,-0.14862,0.0138571,0.28389,-0.3,-0.238481,0.12531,0.132343,-0.0808312,0.0959908,-0.0212272,-0.196757,-0.133381,-0.201802,0.106482,0.034117,0.615413,0.153666,-0.273932
543,-0.356069,0.196571,-0.294349,-0.239428,0.189292,0.0134082,0,0.661128,-0.301178,-0.0759328,-0.3,-0.283277,-0.375795,-0.25476,0.0740014,0.134586,-0.226763,-0.409521,-0.0617929,-0.352927,0.284777,-0.76172,-0.284096,-0.0234648,0.0165601
544,0.3,-0.0253644,1,-0.393276,-0.537786,0.13395,0,-0.402578,0.186339,-0.222967,0,0.00903109,-0.0505315,0.384249,-0.142168,-0.250384,0,-0.132092,-0.55918,0.0551565,-0.183935,0.778639,-0.491942,-0.409392,-0.352243
545,0.74183,0.616275,1,0.588134,-0.501307,0.0912124,-0.177778,0.443475,0.321079,0.238845,-0.3,0.76383,-0.288841,0.259044,0.661713,0.241997,-7.73276E-05,0.277127,0.298891,0.108185,0.668167,-0.132082,-0.316251,0.167844,0.684478
564,0.814881,0.40225,1,-0.487627,-0.0593046,-0.148118,0.0666667,0.772618,0.745746,0.123896,0.3,0.0574175,-0.321737,0.490414,0.832987,0.816572,-0.00705227,-0.0574658,0.0906724,-0.0605429,0.824858,0.0124441,-0.149026,-0.0377636,0.78024
569,-0.226671,-0.0737839,-0.274375,0.119868,-0.171098,-0.18994,0.0666667,-0.0187608,0.654646,0.272932,0.3,0.0288462,0.12523,0.711348,-0.231267,0.458975,0.253346,-0.348631,0.332901,-0.35272,0.135805,-0.0158689,0.714669,0.762602,-0.36208
570,0.0485,-0.255743,-0.0929692,-0.0463525,-0.692257,-0.158915,0,0.120092,0.245343,-0.0622548,0,-0.0103245,0.115781,0.842918,-0.266779,-0.177788,0.01736,-0.0263717,0.0177652,-0.117675,0.645302,-0.0467843,0.578097,-0.732369,0.109646
576,-0.718523,-0.111348,-1,0.517222,-0.275676,-0.253975,-0.3,-0.504543,-0.263953,0.0466479,-0.3,0,0.0742027,0.0342199,-0.300537,-0.159522,-0.3,-0.04742,-0.0573429,-0.147615,-0.444681,-0.306802,-0.0120471,0.117149,0.686108
583,0.263299,0.924304,-0.747151,-0.347949,-0.541564,0.3,0,0.137639,-0.327374,0.3,-0.3,0.230917,-0.129839,0.375231,0.497643,0.110213,0.110127,-0.441911,0.0794491,0.550817,0.403004,0.315145,-0.131257,-0.190207,0.748241
587,0.615007,-0.0982526,0.50937,-0.421959,0.770413,-0.653792,-0.116667,0.00970495,-0.219206,0.00357654,0.0985663,0.0364368,0.233974,-0.0229909,-0.114541,-0.115104,-0.0336839,-0.342393,0.644839,-0.408041,0.0243382,0.348304,0.40493,0.28133,0.146382
588,0.634593,-0.0343985,-0.525351,0.4163,0.0558854,0.3,0,0.886473,0.24103,0.3,-0.3,0.367749,0.455123,0.517939,0.0841994,-0.290974,-0.579864,-0.420819,0.592972,-0.00196013,-0.251191,0.870744,0.786193,0.0370449,-0.248986
589,0.710725,0.450509,0.0945372,0.276008,0.734194,0.136043,-0.3,0.134979,0.21211,0.853443,0.3,0.859341,-0.400304,0.477289,-0.000841854,0.632034,0.0149188,0.428891,0.156649,0.735655,0.12803,0.219024,0.210327,0.650833,0.120917
591,0.709931,0.747737,0.109703,-0.236756,-0.125444,-0.0928876,0.3,-0.227186,-0.0455529,-0.0456462,-0.3,-0.260689,-0.791996,-0.0270213,-0.267386,0.489245,-0.725691,0.274169,0.241226,0.659639,0.22986,-0.154064,-0.0277052,-0.23501,-0.135474
599,-0.264446,-0.262193,0.711748,-0.0870527,-0.511459,-0.635954,-0.025,-0.128817,0.168527,-0.112767,-0.3,-0.771613,-0.127291,-0.170933,-0.148536,-0.344297,0.0222425,-0.0558575,-0.24008,-0.319678,-0.356339,0.58157,-0.350724,0.331687,0.0563653
600,0.736619,0.987119,0.695614,-0.117223,0.753273,-0.0173588,-0.254167,0.531052,0.710987,-0.381542,0.3,0.475665,0.704369,0.709618,0.804336,0.342859,0.0528689,0.699398,0.678996,0.47672,0.300932,0.730313,0.456809,-0.0885785,0.395787
603,-0.384453,0.362928,1,-0.171726,0.0903586,0.0894422,0,0.143358,-0.118108,-0.3,0,0.0507692,-0.000637813,-0.642341,-0.18745,0.685847,0,0.0847899,-0.0457878,-0.700591,0.0529967,-0.444182,-0.353099,-0.112428,0.116088
606,-0.196275,0.864127,0.0997622,0.136483,-0.0656617,-0.21229,-0.3,-0.0961788,0.721934,0.139554,-0.3,-0.486816,0.232211,0.679162,-0.066352,0.102571,0.0975719,0.5064,-0.0590175,0.621183,0.694818,0.204127,0.409887,0.0989815,-0.133766
609,0.0311054,0.865636,-0.231207,0.382481,0.266343,0.231851,-0.3,0.214203,0.303168,-0.122449,-0.3,-0.287674,-0.266788,0.435629,0.503166,0.111167,-0.0349521,0.740876,0.685426,0.428609,0.0788056,0.116737,0.735447,0.174608,0.401409
617,-0.39706,-0.213019,0.244115,-0.0832072,0.022933,-0.3,0,-0.303662,-0.118775,-0.72078,0,-0.873871,-0.112899,0.472951,-0.561299,0.555787,-0.226763,-0.0947787,-0.00341911,-0.0823271,-0.0281926,-0.1047,-0.443167,-0.030311,-0.24605
627,-0.277973,0.180612,-0.525351,-0.629256,-0.223111,-0.716618,-0.3,-0.279453,-0.504985,0.131384,0,-0.349615,0.193267,-0.508611,-0.21134,-0.562507,-0.226763,-0.0632062,-0.0252265,-0.477129,0.0904378,-0.563786,-0.037853,-0.450747,0.255147
631,-0.00958337,0.777861,-0.234209,-0.868057,-0.754583,-0.266248,0,-0.222326,-0.475616,-0.359218,-0.3,-0.537243,0.0742027,-0.518998,-0.652737,0.58149,0.0295662,-0.0839776,-0.276814,0.268337,-0.0724826,-0.602009,-0.530347,-0.145179,-0.431935
638,-0.732744,-0.731023,0.473973,-0.0242962,-0.0693335,0.0543924,0.3,-0.0233104,-0.192021,-0.222967,0,-0.135577,-0.112899,0.333521,0.43135,0.0712384,0.090597,-0.00149635,0.0771735,0.0124467,-0.522973,-0.0856667,-0.3068,0.0586545,0.497063
643,0.0883053,-0.138751,0.226202,-0.3108,0.0720427,0.0221749,0,0.687982,-0.185855,-0.378263,-0.3,-0.236726,-0.0427356,-0.272197,-0.182746,0.017925,-0.00705227,-0.486891,-0.194939,-0.110427,0.312918,-0.511711,0.441365,0.188501,0.716044
646,-0.0887879,-0.387861,0.387129,0.597171,0.0411667,0.188817,0,0.640543,0.0544679,-0.0411696,0,0.00692308,-0.354009,0.18431,-0.503526,0.621454,0.090597,0.0334845,0.336766,-0.219884,-0.411483,0.215366,0.385565,-0.419854,-0.391741
658,-0.186819,0.0727512,-0.378678,-0.242707,-0.539066,-0.0816069,0,-0.329263,0.169544,-0.540304,-0.3,0.00692308,-0.309872,0.651057,0.00542887,0.158046,0.00515388,-0.0665926,-0.476715,0.515294,0.495334,-0.357731,0.564987,0.772167,0.0420996
660,0.0428859,0.654002,0.946758,0.0710139,0.300625,-0.835034,0,0.047078,0.327453,0.0478904,0.3,0.10866,-0.4129,0.351256,0.595897,0.0482749,-0.177938,-0.65267,0.100343,-0.0498823,-0.076928,-0.0491498,-0.220071,-0.271264,-0.0562493
662,0.101684,-0.308548,-0.171909,-0.226615,0.0272295,-0.314308,-0.208333,0.273126,-0.175343,0.296172,-0.3,-0.381598,-0.074188,-0.351801,-0.207442,0.0772471,-0.0643681,0.44548,0.0678716,0.650792,0.158945,-0.176742,-0.182536,-0.191159,0.205752
664,0.751255,0.649767,-0.379767,-0.116272,-0.13475,-0.160969,0,-0.0797809,0.268301,-0.087146,-0.3,-0.826466,0.0301789,0.600424,-0.164432,0.0653635,0.285895,-0.4323,0.618658,0.851307,-0.34576,0.661788,-0.132757,-0.118869,-0.700064
670,0.641136,0.0756561,0.686843,0.67336,0.279589,-0.67102,0.3,-0.0644595,0.169114,-0.343571,0.3,0.0397936,-0.624931,-0.271943,0.0697169,-0.0467238,-0.504967,-0.400418,-0.164401,-0.0707138,0.014666,0.52203,0.156745,-0.0746711,0.49497
681,0.0168181,-0.266469,0.844241,0.284827,0.0399295,-0.0238501,-0.3,0.0653067,0.0517548,-0.156205,0,-0.718511,0.186464,0.341391,-0.2555,0.022878,-0.226763,-0.898701,0.0429217,-0.28822,-0.300738,0.0285849,-0.345403,0.0046285,-0.0891661
682,-0.218879,-0.793478,0.55155,0.0484599,0.262249,0.3,0,0.221465,-0.457716,-0.00791705,-0.3,-0.0807692,0.261304,-0.0134646,-0.567804,0.106475,0.212659,0.130965,0.411356,0.816399,0.0772419,-0.280398,-0.0659598,-0.112426,-0.343636
685,0.521515,-0.111521,0.348618,0.663564,0.667602,0.0742031,-0.3,0.150147,0.264142,0.136612,-0.3,0.838462,0.359475,-0.0932651,0.0957158,0.733444,-0.60012,-0.620494,0.699256,0.575092,0.606501,-0.0907009,0.642724,0.638472,0.498097
708,1,0.828976,0.505716,0.0881263,0.0178071,-0.0299868,-0.226667,-0.0881493,0.325945,0.166471,-0.3,0.989655,0.114342,0.540003,-0.0532653,-0.286311,0.0347974,-0.374787,0.657054,0.334949,0.114087,0.126247,-0.154982,0.448761,0.872658
724,0.124861,-0.201171,0.335418,-0.432409,-0.598819,-0.3,0.0666667,-0.185998,-0.387634,-0.134083,0,-0.352842,-0.12849,-0.392145,0.179932,0.155061,0.0661847,-0.939221,-0.415914,-0.171959,0.298285,-0.56192,0.245835,0.00263746,-0.265787
733,0.623958,0.181255,-0.0471088,-0.184531,0.0409852,-0.615079,0.3,0.426791,-0.185114,-0.277815,-0.3,0.316524,-0.112899,-0.145598,-0.124577,-0.277849,-0.0977266,-0.0388093,-0.3715,0.184257,-0.223386,0.16693,-0.500429,-0.312094,-0.0113677
735,0.0189365,0.806068,0.162063,0.0747651,0.513922,0.107747,-0.3,0.687331,-0.0175996,0.537399,-0.3,0.738242,0.0393736,-0.15182,0.587598,-0.0839078,-0.0137102,-0.277295,0.367652,-0.165385,0.238969,-0.0770812,0.187482,0.695537,0.412477
741,-0.402123,-0.162682,-0.178843,-0.102719,0.108465,0.28514,0,0.2935,-0.349753,-0.792818,0,-0.3,-0.175266,-0.0923634,-0.0920434,-0.466325,-0.226763,-0.0947787,-0.436212,0.00796583,-0.0746494,-0.743055,0.0170774,0.0290303,-0.311874
743,0.493716,0.295243,0.162225,-0.0595042,-0.0666915,0.0138904,0,0.0626428,0.0301332,-0.00249376,-0.3,-0.212308,-0.781587,0.658201,-0.40322,0.600275,0.139422,-0.591461,-0.418371,-0.0452156,0.361609,-0.177083,0.411458,-0.114787,-0.0637166
745,0.401659,0.0695188,0.80125,-0.424101,-0.586388,-0.243747,0,0.682563,0.74803,-0.084308,-0.3,0.734564,0.068659,0.687369,0.554445,-0.250692,-0.132601,-0.0316337,-0.0726213,0.0846454,-0.0353671,0.414827,-0.261433,-0.32127,0.68766
746,0.213006,0.880612,0.385516,0.263054,-0.460327,-0.696105,0,-0.0589475,0.148929,-0.030385,-0.3,0.256828,0.44209,0.0255743,-0.017728,0.0239622,-0.55515,-0.152835,0.0382763,0.325168,0.759642,-0.253478,0.699565,0.0374856,-0.493202
753,0.050937,-0.0567986,-1,-0.0281544,-0.473654,-0.0671136,0,-0.221105,0.281953,-0.757343,0,-0.621613,0.159249,-0.214454,-0.416933,0.170748,-0.00705227,-0.120431,-0.0652068,-0.258619,-0.208595,0.61812,-0.160221,-0.0427582,-0.345863
758,0.833903,-0.156199,1,0.278107,0.505684,0.0414412,-0.3,0.366302,-0.120118,-0.501977,-0.3,-0.200478,0.521198,0.21562,0.0893741,0.136414,0.123147,-0.277937,0.280377,0.733746,0.768271,0.873543,0.40169,-0.290088,0.209927
764,-0.0963312,-0.26956,-0.884884,-0.379492,0.0977008,-0.893138,0,-0.332406,0.178582,-0.248255,-0.3,-0.135577,-0.206449,-0.509118,0.212403,0.0724739,0.110127,-0.0344196,0.159422,0.130564,-0.662101,0.0976725,-0.257517,-0.1978,0.70521
773,-0.162448,0.221645,-0.173074,0.554613,0.074833,0.0197525,-0.3,-0.228938,0.820283,0.0201678,-0.3,0.961231,-0.342769,0.411039,0.930819,-0.163421,-0.036347,0.0201452,0.352659,0.850802,1,-0.244893,-0.604773,-0.128223,-0.256246
774,-0.425513,0.900229,-0.191749,0.319797,-0.353883,-0.252788,0,0.886542,0.79295,0.0186368,-0.3,0.52866,0.833528,0.215064,0.929672,0.412447,-0.759233,0.240785,0.31071,0.0181392,0.211378,-0.189392,0.380936,0.866103,0.468071
791,0.506847,0.455665,0.999725,0.695598,-0.0798184,0.0375166,-0.3,0.571688,0.604717,-0.0809378,-0.3,0.254266,0.123569,0.714178,0.117213,0.216143,-0.0253615,0.0420354,0.140656,0.707784,-0.231198,0.348909,0.264807,-0.184406,-0.227535
799,-0.55686,0.0425406,0.663254,-0.221792,-0.132243,0.2523,-0.3,0.0602961,-0.335021,-0.0222148,-0.3,-1,-0.875921,-0.22366,-0.0327174,0.0556265,0.121112,-0.182152,-0.324663,0.597478,-0.172345,0.223438,0.805824,0.312212,0.167809
800,-0.0683694,0.406603,0.415957,0.786461,0.000478296,0.564649,0.0666667,-0.0113443,0.651616,0.00150779,0.3,0.808902,0.162721,0.603083,0.333134,0.0983542,-0.0151897,-0.206604,0.239297,0.383467,0.608982,0.0134333,-0.223767,0.382723,-0.0531206
819,0.30054,0.146266,0.691639,0.479828,0.6184,-0.0818897,-0.0555556,0.0883504,0.385629,-0.107327,-1,0.219068,0.0875833,0.710765,-0.00564285,0.0479031,0.00156384,-0.30356,0.189667,0.0115967,0.693518,0.0883659,0.758396,0.249205,0.391732
845,0.796023,0.396836,0.848393,-0.0310271,0.0833982,0.382285,0.0666667,0.20028,0.858182,-0.459181,-0.120645,0.326774,0.435917,0.835827,0.734524,0.297347,-0.350541,0.150818,0.757831,0.821025,0.772986,-0.194232,0.170188,0.200791,0.578542
849,0.493646,0.904975,0.871439,0.761581,-0.170583,0.579102,0.0666667,0.441775,0.818462,0.145027,-0.3,0.158913,0.115923,0.728891,0.749685,0.748486,0.0107021,0.54658,-0.0636006,0.735078,0.738673,0.713403,0.31189,0.760079,0.155738
855,0,-0.203014,0.575269,-0.368605,-0.135238,-0.0107001,0,-0.207414,0.188658,0.149358,0,0.248077,0.0742027,0.158243,-0.058558,-0.386822,-0.104702,-0.671618,-0.142987,-0.0617087,-0.281952,0.303109,-0.096905,-0.325687,-0.218126
874,0.788822,0.289881,0.093348,0.201935,-0.465092,-0.0817107,-0.3,-0.244475,0.266739,-0.226853,-0.3,0.0826776,0.793295,0.0574493,-0.345114,0.22292,-0.0224706,-0.321404,0.420684,0.00350431,0.15109,0.502245,0.706931,0.00478533,-0.251635
904,0.148826,0.702007,-0.721471,0.111003,-0.614385,-0.191513,-0.3,-0.505978,-0.302446,0.077461,-0.3,0.343856,-0.766017,-0.0995418,-0.626824,-0.480333,-0.153526,0.0648378,-0.133173,-0.198081,0.0140632,-0.196147,-0.472087,-0.520374,0.087453
930,0.0620779,-0.735914,0.120985,-0.187211,-0.0627431,0.182167,-0.3,0.700609,0.0868418,-0.451408,0.3,-0.132718,-0.00375617,0.71057,-0.125655,0.0934923,-0.0192584,-0.459257,-0.303217,0.481564,0.459906,0.642205,-0.205489,-0.317951,0.582595
960,-0.60003,-0.36516,0.403147,0.522142,0.0998219,0.0937693,0,0.00611032,-0.361468,0.131384,-0.3,-0.112088,0.0326247,0.16178,-0.334528,0.616556,-0.116908,-0.549381,-0.389106,-0.148076,0.00654975,-0.055733,-0.0746741,-0.0793581,0.0981615
981,0.0242902,-0.0455476,0.404594,-0.146922,-0.27459,-0.0890522,-0.3,0.0284741,-0.0453191,0.858346,0.3,-0.543504,-0.0290475,0.258274,-0.0540409,0.828641,0.0281015,-0.236747,0.64469,0.0133423,-0.198327,0.112449,0.160713,-0.111074,0.0974784
982,0.126136,-0.0622232,-0.502354,-0.259744,0.0998219,-0.848052,-0.3,0.341277,-0.409933,-0.487482,-0.3,-0.60835,0.103523,-0.205426,-0.418759,-0.258349,0.237071,0.200227,0.0177652,0.552831,-0.564198,0.0833931,-0.0492221,-0.313949,0.0611149
983,0.772261,-0.416984,0.630347,0.158405,-0.504304,-0.479086,0,-0.211136,-0.2149,-0.135076,-0.3,-0.389951,0.855551,-0.372548,-0.0702026,-0.215485,0.0347974,-0.363731,0.311244,0.588758,0.365683,-0.25809,-0.32177,-0.10402,-0.250039
987,-0.22855,-0.0462407,0.0211368,0.731412,-0.340999,-0.661434,-0.3,0.228555,0.578304,-0.283059,-0.3,-0.278845,0.047474,0.00365896,0.0932845,0.282751,0.170258,0.329527,0.664885,0.715697,0.0764218,-0.163139,0.179284,0.042336,-0.088462
991,0.0282997,-0.0751967,0.661318,-0.387922,-0.0356859,0.16288,-0.3,0.125552,0.263054,0.0338091,-0.3,-0.305762,0.047474,0.424849,-0.0533896,-0.0173812,-0.0314646,0.0383183,0.430962,-0.447833,0.668231,0.180621,0.0198395,-0.385455,-0.00419619
992,0.478223,-0.212518,-0.740254,-0.0716714,-0.0601069,0.0037649,-0.3,-0.469926,0.819785,-0.65825,-0.3,-0.0807692,0.214529,-0.465006,0.519002,-0.557863,0.3,0.0648378,-0.35118,-0.310384,0.474157,0.699553,-0.0773765,-0.203755,-0.39571
994,0.0366193,-0.709619,1,-0.565299,-0.475317,0.10502,0,-0.121274,-0.181088,0.3,-0.3,-0.0807692,0.0274274,0.0786204,-0.761721,-0.670849,0.285895,0.13976,-0.412007,-0.370497,-0.309006,0.756568,0.0727589,-0.637042,0.406515
1021,-0.0332225,0.871547,0.185362,-0.0681062,-0.292353,0.3,0,0.360201,0.0953614,-0.000427742,-0.3,-0.18042,-0.453861,-0.156332,0.233859,0.668942,0.0417723,0.132431,-0.135512,-0.161207,0.440732,0.261909,0.351002,-0.120576,-0.0894814
1028,-0.19671,0.259251,-0.415207,-0.00577077,-0.137177,0.3,-0.208333,0.709053,0.109215,0.114792,0,0.08,-0.708316,0.112487,0.817492,-0.282257,0.0222425,-0.52169,-0.0580524,-0.156122,0.691768,-0.0291345,0.465121,0.0590952,0.697579
1041,0.652765,0.357268,0.954713,-0.259419,-0.168413,0.223439,-0.652593,0.302478,0.273674,0.710806,-0.3,0.251846,0.589121,0.113554,-0.158269,0.372854,0.0281015,-0.331355,-0.180616,0.408006,0.663697,0.577225,0.608746,0.36585,0.663883
1044,0.254076,0.306415,0.908256,-0.0769644,0.0844441,-0.609315,-0.116667,-0.157265,-0.115707,0.110842,-0.3,-0.417662,-0.537699,-0.106949,0.769035,-0.23457,0.0222425,-0.226101,0.446441,0.718702,-0.209211,0.128097,-0.303908,0.0795064,0.749974
1061,0.129967,0.718545,0.33795,0.0794186,-0.427687,-0.0299868,-0.3,-0.0779227,-0.0686664,-0.0582762,-0.3,-0.190385,0.0446604,0.468281,-0.56023,-0.300176,-0.111676,-0.307237,-0.271392,-0.0901981,0.339232,0.629007,-0.15132,0.693027,-0.221309
1063,0.514164,-0.669133,-0.424097,0.244869,-0.19971,-0.145916,0,0.561817,-0.21155,-0.120257,-0.3,-0.3,0.0571935,-0.209012,-0.132016,-0.0156117,-0.153526,-0.353294,0.0138918,-0.123735,-0.113941,0.0235313,0.146617,0.176331,-0.33522
1090,-0.13317,-0.203878,0.794881,0.752288,0.108173,0.269559,-0.3,0.0841587,0.70915,-0.0230981,-0.3,0.164676,-0.0108433,0.697036,0.630838,0.621334,0.00027142,-0.0701522,-0.198594,-0.203456,0.653161,0.30045,0.374223,0.0139913,0.302661
1097,0.22803,-0.0693061,1,-0.687688,-0.782873,-0.3,0,0.154343,0.517086,-0.210128,0,-0.287611,-0.78164,0.262994,0.102626,-0.0338867,0.3,0.192531,0.041068,-0.00697881,-0.136737,-0.212506,-0.2265,-0.0953758,-0.0123493
1102,-1,-0.3,-0.730385,-0.0944985,0.0604163,0.0134082,-0.3,-0.447865,0.0654203,0.141188,-0.3,-0.153846,0,-0.334837,-0.0744254,-0.110505,0.0295662,-0.163186,-0.448512,0.0622807,-0.0303498,0.0417787,-0.0440839,-0.0279173,-0.429059
1105,-0.0183839,-0.19672,-0.49456,-0.531708,-0.403986,-0.0698751,0.25,-0.107974,0.0998138,-0.19729,0.3,0.649071,0.0591155,-0.182831,0.237297,0.566182,-0.0314646,-0.0344196,-0.0116575,0.748634,-0.316602,-0.0461159,-0.341013,0.160476,-0.0719762
1119,-0.171942,0.548823,0.505716,0.634657,-0.584138,-0.421074,0,0.650944,0.322545,-0.710867,-0.3,0.889053,-0.248898,0.222327,-0.347609,0.658872,-0.0489019,-0.0674159,-0.17828,0.634417,-0.136737,-0.348585,-0.391615,0.592202,0.426101
1139,-0.261734,0.367878,-0.737455,0.181438,-0.130035,-0.107133,0,-0.102435,-0.247331,-0.242218,-0.3,-0.0807692,0.0367825,-0.403163,-0.215251,-0.22412,0.0347974,-0.0504066,-0.107697,0.0245239,0.112607,0.275171,-0.0334485,-0.0559276,-0.32886
1150,0.337891,0.0588437,-0.81029,0.719167,-0.203283,-0.0595195,0.25,-0.154893,-0.322943,-0.042127,-0.3,-0.0593005,-0.19075,-0.161468,-0.0388251,0.122516,-0.145817,-0.225965,-0.385526,-0.204101,-0.03556,-0.314126,-0.104396,-0.00851895,0.702824
1182,0.159994,0.764821,-0.162551,0.338556,-0.0263755,-0.17765,-0.238889,0.0771428,0.712816,-0.589577,-0.3,0.739653,0.734813,0.499856,-0.050964,0.337558,-0.0436707,0.331106,0.243653,0.0435488,0.00614328,0.0149564,0.616625,0.316929,0.601723
1186,0.116189,0.223267,-0.335233,0.327138,-0.358073,0.219059,0.0666667,0.0317846,0.23387,0.875503,-0.3,0.807692,0.774203,0.109106,-0.0694586,0.0629648,-0.00705227,0.329659,-0.100616,-0.141834,0.105171,0.183873,0.0705401,0.43404,0.0943912
1207,-0.402123,-0.0829493,-0.751285,-0.123856,-0.846026,-0.00467301,0,-0.211524,-0.20434,-0.120257,0,-0.3,-0.112899,-0.114748,-0.616389,-0.161798,-0.124231,-0.077677,-0.130949,-0.430215,-0.434452,0.207449,-0.378957,0.0553999,0.434454
1226,-0.395732,-0.0743421,-0.201875,0.733009,-0.155403,-0.0830251,0,-0.558015,0.187692,-0.0912658,-0.3,0.0166667,-0.481168,0.308692,0.157917,-0.0767032,0.080832,-0.0144748,0.106666,-0.0714832,-0.141338,-0.0611208,-0.338648,0.377746,-0.391733
1251,-0.127209,0.142527,-0.340116,0.049585,-0.168532,-0.215294,0.0142857,-0.075482,0.00316892,0.782108,0.3,0.801573,-0.4729,0.118915,0.678033,-0.250542,0.156654,-0.407146,0.49539,-0.301651,0.0202668,-0.00458863,0.000198544,-0.17041,-0.100106
1259,0.758505,0.848281,-0.438532,-0.296754,-0.380096,-0.0785048,0.3,-0.123587,0.107402,-0.238889,-0.3,0.0658044,-0.250911,-0.0764661,0.695994,-0.0884223,0.110127,0.0146726,0.0712947,0.176724,0.0734602,0.328189,-0.161146,0.0107024,-0.000102773
1263,-0.130276,-0.12698,-0.0871523,0.325164,-0.756051,-0.0793161,0,0.721705,0.245316,0.00813146,0,-0.3,-0.112899,0.158901,-0.512687,0.575434,-0.0869471,0.0534366,-0.0468836,-0.0961592,-0.0330463,0.674644,-0.0701356,0.355819,-0.0859837
1264,-0.755015,-0.0636333,-1,-0.626146,0.161333,-0.878977,-0.3,-0.615923,-0.653176,-0.0926038,-0.3,-0.763469,-0.225159,-0.685202,-0.57921,-0.52962,-0.153526,-0.311068,-0.0648537,-0.545161,-0.680732,-0.742328,-0.614973,-0.511834,-0.399681
1269,-0.701062,-0.866354,1,-0.00988027,0.3,0.121896,0.3,0.644118,-0.0294219,-0.0977887,0,0.138462,0.0207452,-0.174661,-0.273761,0.804532,-0.3,0.0206582,0.0505047,-0.292368,-0.489647,0.0491447,0.111819,0.118018,0.687268
1272,-0.0824821,0.391185,0.0884369,-0.00677332,0.314256,-0.0637384,0.3,0.555224,0.100425,0.130742,-0.3,0.42785,-0.553641,-0.0486115,0.0681189,-0.17659,-0.3,-0.0332124,-0.188716,-0.0829672,-0.371873,-0.063278,0.297626,-0.515547,-0.249657
1279,-0.663694,-0.305849,-0.561801,-0.717674,0.0954282,0.0164218,-0.3,-0.38755,-0.577677,0.23923,-0.3,-0.421553,0.0835578,-0.696097,-0.285502,-0.519906,-0.00705227,-0.612177,-0.211651,-0.396726,-0.347444,-0.284438,-0.404851,-0.793755,0.547371
1286,0.492872,-0.752692,-1,-0.662849,-0.673031,0.3,-0.3,-0.473327,-0.0913708,-0.0803137,-0.3,0.393112,-0.00202375,-0.176313,0.457978,-0.316477,-0.3,-0.415335,0.0157151,0.878402,0.442526,-0.546269,-0.109201,-0.0965689,-0.679492
1288,0.0168181,0.528004,-0.83809,0.0318669,-0.0793625,-0.180877,-0.3,-0.548989,-0.0885185,-0.498871,-0.3,-0.0807692,0.0742027,0.69807,-0.488943,-0.409139,-0.827003,-0.078361,-0.00657423,-0.254163,0.0968357,-0.053525,-0.0825661,-0.326998,-0.533931
1289,0.428668,0.141428,0.208673,-0.1603,-0.417405,-0.281669,-0.607407,-0.252468,-0.215946,-0.0883217,-0.3,-0.1003,-0.466775,-0.303882,-0.488302,-0.271591,0.0234631,0.0800119,-0.273404,-0.185793,-0.513737,-0.0242449,-0.332006,0.56149,-0.0353335
1305,0.328647,0.539742,0.140782,0.302816,0.782936,0.760869,-0.153333,0.752819,0.429079,0.769137,-0.3,0.726173,-0.293923,0.382019,0.47497,0.293526,-0.286986,0.266227,0.316155,0.189526,0.62273,0.686662,0.70984,0.761818,0.25001
1321,-0.261594,-0.447315,-0.00513857,-0.534578,-0.168191,0.3,0,-0.0596821,-0.124939,-0.210128,-0.3,0.315986,-0.130674,0.317938,0.777696,-0.164843,-0.0802892,-0.610052,-0.00986652,-0.480477,0.132613,-0.462837,-0.0164232,-0.0196724,-0.486138
1323,-0.0148637,-0.0906792,-0.0461481,0.11664,-0.768184,-0.3,0,0.162041,-0.132953,-0.0640868,-0.3,-0.0710688,0.154389,-0.131653,0.261265,-0.558306,-0.153526,0.0456358,-0.0472322,-0.446365,0.0162262,-0.215859,-0.471977,0.0215523,0.840858
1326,0.0986689,0.0204082,-0.593885,0.0522882,0.0642102,0.3,0,0.348879,-0.0764759,-0.687809,0,0.199601,-0.488034,0.816817,0.10981,-0.0102696,0.285895,-0.381132,-0.46527,-0.0237183,0.0476972,-0.245161,0.683399,-0.127307,-0.130464
1334,0.39587,0.114595,0.704447,-0.295129,-0.183249,-0.642914,-0.3,0.554001,0.709651,0.116768,-0.3,0.639486,-0.27862,0.671756,0.109009,0.323845,0.0861584,-0.230084,0.201342,-0.14767,0.0609853,-0.0707575,0.673486,-0.112411,0.705346
1341,-0.402437,-0.0793571,0.658264,-0.139945,0.727613,-0.51987,0.3,0.281501,0.188612,-0.0718642,-0.3,-0.266082,-0.282539,0.176951,0.588562,0.349399,0.0632552,-0.363124,-0.15223,0.107052,0.673502,0.221865,0.000374039,0.639489,0.0285082
1342,-0.101989,-0.678688,-0.115616,0.0718598,-0.398228,-0.0468626,0.3,0.251429,0.25659,-0.3,0,-0.3,-0.175266,-0.290401,-0.353022,0.0398744,-0.00705227,-0.0178208,0.121457,-0.119981,-0.16283,-0.113575,-0.0447516,-0.567902,-0.296017
1343,0.245306,-0.0394789,0.987765,-0.0297283,-0.240849,0.420465,0.213333,0.0771271,0.272712,-0.307227,0.3,0.808223,0.221943,0.265501,0.436093,-0.0691023,0.00239765,0.720396,-0.0262889,-0.0741892,0.326518,-0.00446809,0.495395,0.689982,0.16864
1344,-0.140662,0.715049,0.977874,0.450994,0.676946,0.502178,0.3,0.816455,0.815572,0.49634,-0.3,0.838462,0.790908,0.771495,0.806429,0.753425,-0.0164017,0.469576,0.38836,0.342674,0.712024,0.707221,0.788669,0.587891,0.702768
1346,-0.0920253,0.648185,1,-0.255758,0.364749,-0.0508806,0.3,0.0159178,0.0280057,0.454242,-0.3,-0.323184,0.266143,-0.0775717,0.56194,-0.0106921,-0.0290234,-0.166581,0.0519263,0.562486,0.166796,0.622343,-0.110241,0.637477,0.145716
1351,-0.247197,-0.164828,0.275588,-0.259558,-0.884446,0.228287,0,-0.0217058,0.751757,-0.3,-0.3,-0.0807692,0.12766,0.755521,-0.299318,-0.140012,0.0661847,-0.066794,-0.0934768,0.0867769,-0.24679,-0.286807,-0.126935,-0.318928,-0.107071
1365,0.300523,-0.488634,0.54609,-0.625366,-0.728569,-0.253975,0,0.67853,-0.35612,-0.0961806,0.148387,-0.191053,-0.424368,0.696074,-0.166787,-0.141029,-0.104702,-0.0706351,-0.034119,-0.347583,0.364215,0.702108,-0.186627,0.73404,0.745904
1368,0.68449,-0.128248,0.190868,0.235608,0.695855,0.73138,-0.116667,0.594495,0.45314,-0.250694,-0.3,0.406399,0.721924,0.160956,-0.0155943,0.0620767,-0.405989,0.489625,0.0144094,0.00646426,0.176198,0.692009,0.428996,-0.241609,0.710008
1369,-0.268704,0.817374,0.836958,0.343905,-0.426582,-0.0572655,0.0666667,-0.240402,0.560321,-0.349257,-0.3,0.62563,0.139903,0.46111,0.0785215,-0.225118,-0.00705227,-0.0332124,-0.0778374,-0.148736,0.70432,0.100211,0.0387819,0.0567787,0.498936
1385,-0.285865,-0.3,-1,-0.177287,-0.804841,0.130334,0,-0.521157,-0.437514,0.23923,0,0.0653846,0.167753,-0.404929,-0.777644,0.749368,0.237071,0.13976,-0.436695,-0.242394,-0.152279,0.542836,-0.062183,-0.00318249,-0.302501
1390,-0.704512,1,0.606351,0.3,-0.0161028,-0.227675,0,0.545346,0.126872,0.162197,-0.3,0.108966,0.224151,-0.248703,0.588589,0.832487,-0.0314646,0.0171601,-0.512657,-0.328306,-0.37084,0.831824,-0.299398,0.269851,0.775433
1395,-0.476963,-0.459963,-0.544591,-0.3182,-0.523818,-0.16677,-0.3,-0.508675,-0.304929,-0.621427,-0.3,-0.303302,-0.0841138,-0.228633,0.364361,0.717607,0.285895,0.0518079,-0.2862,0.452441,-0.173838,-0.00817674,-0.620907,-0.654832,0.102484
1403,-0.424594,-0.208565,-0.751285,-0.32954,-0.107778,-0.215621,-0.3,-0.388266,-0.416021,-0.147149,-0.3,0.0750851,-0.0409366,-0.114131,0.293956,-0.431507,0.0661847,-0.719279,-0.444424,-0.277126,-0.0362117,0.287141,-0.182842,0.0577393,0.755206
1409,0.0168181,-0.868719,-0.122304,0.0432552,0.0459997,-1,0,-0.332901,-0.225487,0.179316,0.3,-0.0369231,0.0929129,-0.0115452,-0.653006,-0.181462,0.139422,0.138427,-0.28607,0.0393663,-0.260437,0.084501,0.0636141,-0.0271677,-0.689781
1430,-0.24855,0.61483,-0.209069,0.0104929,-0.346821,-0.570605,-0.208333,-0.00782448,0.257596,0.202042,0.3,0.161164,-0.349422,0.570999,-0.135419,0.464243,-0.0341771,0.322984,0.696178,0.677861,-0.194099,-0.0286165,0.132552,0.669021,-0.279631
1431,-0.569263,-0.616855,-1,-0.0651412,-0.907274,0.10502,0,-0.542747,-0.685932,-0.196302,-0.3,-0.859256,-0.112899,-0.626655,-0.197134,-0.636227,-0.153526,0.00783188,-0.109341,-0.831353,-0.265787,-0.351674,-0.323811,-0.568444,-0.327208
1435,-0.194914,0.399134,-0.234187,0.700424,0.708401,-0.0649438,0.0235294,0.303815,0.241448,-0.112877,-0.3,-0.276776,0.0776709,0.1924,0.669811,0.369506,0.080832,0.0989095,0.628484,0.20745,0.6045,0.108327,0.669661,0.688288,0.584223
1436,0.3,-0.232938,0.0350278,0.641724,0.074833,-0.164993,0,-0.0608754,0.742776,-0.3,0,0.138462,0.0742027,0.731424,-0.0979877,-0.062575,0.0417723,0.126229,-0.646215,0.411837,0.289378,-0.458394,-0.261504,-0.205662,0.131671
1441,0.175227,-0.689793,-0.388405,0.0131451,0.110074,0.206275,0,-0.414558,-0.461432,-0.3,0.3,-0.3,0.0742027,-0.31384,0.308222,-0.18914,0,-0.0126902,0.1917,-0.316003,-0.105852,0.084501,-0.0355534,-0.237518,-0.344809
1478,0.644458,0.612303,0.797679,0.119587,0.821217,0.675245,0.213333,0.198733,0.287001,0.406859,0.3,0.68995,0.24086,0.569621,0.442845,0.167665,0.0222425,0.00427623,0.110161,-0.0460107,0.240867,0.658943,0.600292,0.308849,0.48089
1512,-0.00933732,-0.220142,-0.487094,-0.133793,-0.631637,0.0164218,0,0.476568,-0.162136,-0.000427742,0.3,-0.3,-0.532033,0.829323,0.710457,-0.315726,0.202196,0.00783188,0.271896,0.172864,-0.027346,-0.263853,0.161381,-0.360523,-0.289918
1517,0.706079,0.12881,-0.164187,-0.148456,-0.22788,0.468418,-0.226667,0.0225232,0.28157,0.395065,-0.156516,-0.0716771,0.673227,-0.3064,0.16917,0.197361,0.00341015,-0.0984527,0.101978,0.136495,0.673227,-0.475844,-0.0805689,0.0984032,0.279229
1524,-0.103534,0.0173256,-0.621033,0.0525983,-0.418191,-0.00791836,0,-0.0343633,0.285722,-0.175562,-0.3,0.411114,0.0253937,0.708367,-0.385718,-0.416958,-0.174451,-0.00448139,-0.22273,0.0416193,-0.331823,0.366519,-0.274894,0.328002,0.612734
1532,-0.451259,-0.137469,-0.487875,-0.308475,-0.451348,0.0375166,-0.3,-0.319373,-0.0656552,-0.582538,-0.3,-0.0985562,-0.452312,-0.135269,0.983591,-0.450215,0.0478754,0.0298199,-0.322367,-0.368847,-0.432371,0.464038,-0.306672,-0.275484,-0.341702
1549,-0.391432,-0.538443,0.810068,0.0706893,-0.37461,-0.922229,-0.116667,-0.180219,-0.146868,0.207511,-0.3,-0.673913,-0.673777,-0.18087,-0.278244,-0.263556,-0.202351,-0.661742,-0.355775,-0.435427,-0.0013105,-0.357394,-0.097769,0.0283938,-0.0162823
1550,-0.773881,-0.166883,-0.455782,-0.545168,-0.506992,0.13395,0,-0.0545108,-0.671879,-1,-0.3,-0.0948899,-0.787866,-0.62617,-0.208809,-0.249819,-0.153526,-0.82529,-0.51771,-0.285379,-0.211272,-0.10027,-0.542969,-0.578137,-0.309014
1551,0.808023,-0.0363126,0.265301,-0.118379,-0.0706132,-0.278192,0.204167,0.19579,0.28443,0.0181494,-0.3,0.313677,0.671076,0.665518,0.11708,0.00364057,0.0546209,-0.12638,0.659805,-0.109867,0.221428,-0.285086,-0.121568,0.256993,0.125441
1581,-0.0284416,0.277418,0.992321,0.384112,-0.0338464,-0.121315,-0.3,-0.460386,-0.008684,0.0121858,-0.3,-0.462457,-0.166356,-0.41651,0.258448,0.700636,0.0295662,0.00783188,-0.134812,-0.225713,-0.119864,0.252304,0.540941,-0.333437,0.651923
1584,0.122424,-0.113957,-0.71774,-0.65725,-0.234095,-0.3,-0.3,0.0698788,-0.390554,-0.0689014,-0.3,-0.112088,-0.0505315,-0.421433,0.433325,0.170977,-0.153526,-0.049174,-0.317742,-0.514544,-0.612774,0.0262433,-0.131415,-0.0653537,0.427323
1586,-0.209,-0.0863946,-0.00383949,-0.673974,0.1152,-0.565941,0,-0.0127989,-0.543396,-0.915961,0,-0.800794,-0.0380581,-0.504924,0.186326,-0.0114846,-0.699474,0.00783188,-0.0775643,-0.643497,-0.0573148,-0.472838,-0.27697,-0.0749134,0.228659
1589,0.340674,0.588545,0.263159,0.309461,0.735515,0.00550225,-0.470833,0.254792,0.726036,0.487532,-0.18043,0.167713,-0.305246,0.241435,0.707987,0.298322,-0.445625,0.728556,0.0514355,0.320621,0.126018,0.700673,0.0534538,0.0316278,-0.0601361
1593,0.633586,0.685255,-0.17826,0.319983,0.32633,0.529028,0.188889,-0.181769,0.258032,-0.662554,-0.3,-0.120629,-0.00495554,-0.0802196,0.173473,-0.1293,0.00182493,-0.478052,0.659296,0.61254,0.556666,0.714674,0.580628,0.742942,-0.137145
1647,0.704145,0.584004,-0.201691,0.182519,0.058684,-0.0605457,-0.3,-0.229933,0.0908168,-0.766514,-0.3,0.0993809,-0.34459,0.151765,0.299894,-0.235149,-0.0656418,0.225221,-0.226334,0.147673,0.238483,-0.172085,-0.25477,-0.134534,-0.059139
1648,-0.0359849,-0.133634,-0.732916,-0.433922,-0.0847113,-0.167928,0,-0.0883959,-0.0313693,-0.3,-0.3,0.138462,-0.112899,-0.0457324,-0.287111,-0.415848,-0.153526,-0.578044,-0.0307358,0.112837,-0.717561,0.0524593,-0.306015,-0.0454378,0.724976
1650,0.337395,0.113727,0.86201,0.483615,-0.1616,0.0375166,0,-0.163027,0.639899,-0.128427,-0.3,-0.22028,-0.0995343,0.236198,0.198086,0.644575,-0.153526,-0.0178208,-0.176673,-0.26616,0.433013,0.628472,-0.144476,-0.153272,-0.4568
1665,0.796023,-0.551067,0.19539,0.0594828,0.00755528,-0.061753,0,0.43095,-0.368529,-0.19729,-0.3,0.201099,-0.0594411,-0.249764,-0.572451,0.317586,-0.00705227,-0.486891,-0.534262,-0.246053,-8.86362E-05,0.61812,0.161215,-0.609315,-0.446812
1666,-0.164221,-0.808428,-0.3,0.0914314,-0.0814739,-0.173431,0,-0.727201,-0.239812,0.00813146,-0.3,-0.0807692,0.0118356,-0.527156,-0.209443,-0.127382,-0.00705227,-0.00682678,-0.0395875,-0.0916294,0.00335652,-0.092961,-0.336179,-0.0942065,-0.465043
1671,-0.824129,0.67318,0.844241,0.156921,-0.0286277,-0.773295,0.3,-0.623766,-0.387167,-0.3,-0.3,0.284615,-0.112899,0.308041,-0.122598,-0.707496,0.115009,0.0264884,-0.125229,-0.0795037,-0.0774379,0.763897,-0.0945501,-0.196644,-0.184494
1681,-0.206628,0.774503,-0.482817,0.814457,0.356112,-0.227881,-0.208333,-0.154167,-0.133617,0.302005,-0.3,0.58036,-0.474,-0.0518963,-0.0142152,-0.0580502,0.0595268,-0.0303956,-0.106428,0.148386,0.0543699,0.433952,-0.151462,-0.364939,-0.222567
1716,-0.599115,-0.280381,0.634092,0.752288,-0.0397609,0.0164218,0.3,0.254789,0.641646,-0.030385,-0.3,-0.0807692,-0.0115521,0.713319,-0.058558,0.503823,-0.120976,0.0326,-0.0896972,0.253417,0.129724,0.265951,0.151436,0.566007,0.285264
1720,-0.422378,0.0844898,0.376552,-0.77475,0.299733,0.228287,0,-0.0461079,-0.33072,0.149358,-0.3,-1,-0.3,0.236532,-0.0933115,-0.487172,0.285895,-0.0263717,-0.0977858,0.166584,-0.167157,-0.280925,-0.0419357,-0.588148,-0.375884
1752,-0.50407,-0.867957,-0.109249,-0.43805,-0.207733,-0.215621,-0.3,0.347168,-0.46843,0.00813146,0,-0.105128,-0.163926,-0.454174,0.159578,-0.599439,0,0.247257,-0.350945,-0.364153,-0.078458,-0.553467,-0.00205387,-0.0213213,-0.56611
1754,-0.497521,-0.278253,0.852318,0.666173,-0.409926,-0.253618,-0.116667,0.703416,-0.220845,0.122006,0.3,0.398806,-0.227502,-0.345206,-0.260959,0.242776,-0.0314646,-0.00682678,0.60736,-0.0377049,0.00100304,-0.273346,-0.0307939,0.219559,-0.0364953
1765,0.287861,-0.13223,-0.568073,-0.712925,-0.150067,0.0375166,0,-0.46123,-0.148037,-0.158097,-0.3,-0.212308,-0.766017,-0.473902,-0.462632,0.782997,-0.0436707,0.00783188,-0.322014,0.335002,0.0867318,0.306165,-0.113332,0.77352,-0.273974
1766,0.114734,0.709927,0.0302393,-0.437267,-0.102286,-0.0032182,-0.3,0.122226,-0.119344,-0.501906,-0.3,-0.190385,-0.703607,-0.322082,-0.29328,-0.350643,0.0661847,-0.0434734,-0.102855,0.105959,0.196583,-0.260001,-0.322368,-0.410801,0.255147
1767,0.368237,-0.320988,-0.172677,0.645251,-0.249052,-0.110147,-0.0148148,0.0979303,-0.129914,0.0994042,-0.3,0.435092,0.119154,0.124497,-0.0887426,0.101732,0.0502636,-0.520047,-0.239301,0.283793,0.7593,0.822696,0.0968299,-0.100366,0.706139
1769,0.1074,0.822607,-0.307897,-0.129567,-0.507945,-0.239312,0.3,0.195578,-0.138766,-0.238955,-0.3,0.762207,-0.254132,0.479792,-0.0908505,-0.0296531,-0.0802892,0.0383183,-0.0733648,0.137204,0.176974,0.489942,0.0544436,-0.33878,-0.362243
1770,0.250712,-0.0571677,-0.550748,0.701961,-0.00195851,-0.553268,0,-0.116303,0.095134,-0.67628,-1,-0.356354,0.0253937,0.436805,0.126385,-0.0713285,-0.533256,-0.444255,-0.0636704,-0.022094,0.77126,-0.181466,-0.231389,0.710464,-0.0565811
1771,0.0867407,-0.675924,-0.562405,-0.369301,-0.0578002,-0.403432,0,-0.135381,-0.0818207,0.190209,-0.3,-1,-0.0380581,-0.0782556,0.0629771,0.0401999,0.139422,-0.0691261,-0.272784,0.721238,-0.176985,-0.0912739,-0.404949,0.194367,-0.29083
1782,-0.165171,-0.295071,0.792982,0.0600939,-0.360856,0.0330755,-0.177778,-0.0702347,0.336328,-0.300274,-0.3,0.522578,0.0166331,0.264825,0.087142,0.323649,-0.511039,-0.252624,0.155419,0.648454,0.0447044,0.425315,-0.204356,0.254489,-0.108713
1811,0.653969,0.957073,-0.739498,0.0840894,-0.0571932,-0.121315,0,-0.0508983,0.729971,-0.240086,-0.3,0.0507692,0.154389,0.240488,0.43135,0.10246,0.0138726,0.0591372,-0.574595,-0.261602,-0.0145595,0.200793,0.266365,-0.422832,-0.38567
1812,0.832985,-0.13468,0.69616,-0.326079,0.18301,0.270478,-0.116667,0.497337,0.096533,0.444148,-0.3,0.675113,-0.490369,0.0887117,0.40866,-0.0438358,-0.0162069,-0.0479739,-0.418974,-0.0159805,-0.196974,0.352186,-0.0421157,-0.0465885,0.413645
1813,-0.164221,-0.11691,-0.520398,-0.677043,-0.153212,0.0037649,0,-0.199652,-0.327704,-0.175562,-0.3,-0.0678733,-0.618923,-0.462732,-0.912335,-0.183198,0,-0.049174,-0.0315432,-0.273327,-0.0236085,-0.374586,-0.6087,-0.310784,-0.677831
1815,0.230258,-0.285405,-0.498186,0.320782,-0.0842619,-0.552777,0.3,0.330844,-0.166816,-0.426342,-0.3,-0.0807692,-0.450828,0.668981,-0.172832,-0.050431,0.0295662,0.0358166,0.0746549,-0.129702,0.676978,-0.251542,-0.231656,0.689397,-0.268865
1824,0.114734,0.366005,0.154647,0.504106,0.00755528,-0.0121182,0.188889,-0.23043,0.290281,0.492612,-0.3,-0.00769231,-0.030574,0.243432,0.321279,-0.119449,-0.153526,-0.0167947,0.520699,0.75852,-0.44301,0.742625,-0.00708804,0.317649,0.455975
1858,0.335358,0.619888,-0.437805,0.727379,-0.516039,0.101528,-0.08,0.758502,0.32802,0.319285,-0.3,-0.00672307,0.316151,0.492591,0.597618,0.0771738,-0.538465,-0.388931,-0.436005,0.235533,-0.00241287,0.726656,-0.314715,0.17241,0.563749
1860,-0.0796767,0.404308,-0.231709,-0.391877,0.0212852,0.525829,-0.3,-0.280572,-0.136191,0.28389,0.3,-0.0625,0.0196315,-0.150152,-0.0628863,-0.107528,-0.272093,0.219915,0.270898,-0.147135,0.352041,0.70647,-0.399663,-0.261288,-0.341419
1862,0.353326,-0.134638,-0.778391,-0.0148143,-0.0829022,-0.215621,-0.3,0.620403,-0.38856,-0.775679,-0.3,-0.421553,-0.019348,-0.652284,-0.524573,-0.124009,-0.0802892,0.0249337,-0.100378,-0.170345,-0.363843,-0.422244,0.105627,-0.0767585,-0.0424777
1879,0.0397192,-0.715554,-1,0.111003,-0.1616,-0.148118,0,-0.0558845,-0.498024,0.0733131,0,-0.135577,0.0430192,-0.622477,-0.725812,-0.583768,-0.3,0.166412,-0.498189,-0.409512,-0.349847,-0.171833,-0.71195,-0.58389,-0.0134421
1894,-0.402158,-0.296853,0.105624,-0.0270706,0.664137,-0.0107001,-0.3,0.44293,-0.0203077,0.152005,-0.3,-0.49115,0.00616587,0.253635,-0.0544417,0.232524,-0.104702,-0.364098,-0.179361,0.393952,0.185976,0.557965,0.645128,0.709731,-0.160376
1896,0.0449509,0.406786,0.64797,0.707553,-0.127,-0.776786,-0.3,0.0533005,-0.0685195,-0.165192,0.3,-0.0533654,-0.594336,-0.158546,0.452602,-0.20045,-0.0509944,-0.348631,0.67539,0.211207,0.466338,-0.277251,-0.269634,-0.0490417,0.130579
1897,0.0127791,0.40093,-0.24728,-0.155187,0.0760653,-0.0788529,0.286667,0.323171,0.205246,0.845764,0.297849,0.048738,0.498349,0.635417,0.450181,0.16265,-0.0329006,-0.124685,0.687959,0.457432,0.685546,0.18666,0.122128,0.68445,-0.137992
1898,-0.200826,-0.457666,0.818109,-0.384317,-0.00342883,-0.880598,0,-0.226717,-0.124011,-0.207561,-0.3,-0.278845,-0.362409,0.00774855,-0.537639,-0.358716,-0.0802892,-0.0407731,-0.479333,0.50213,-0.456082,0.450834,0.05065,-0.584143,-0.119433
1905,0.703617,-0.62236,0.857939,-0.37565,-0.155389,-0.404111,0.25,0.729657,0.0226899,-0.385715,-0.3,-0.117308,-0.0823064,0.689306,0.0892157,0.17532,0.0124776,-0.0823411,0.773043,0.238221,0.109757,0.351926,-0.0998116,0.0850947,-0.204396
1906,-0.586725,0.0450265,0.240255,-0.177322,-0.234095,-0.090507,0.3,-0.292637,-0.28594,-0.479561,-0.3,0.254266,-0.0349397,0.261517,-0.664705,-0.162757,0.151628,-0.0141561,-0.034119,-0.323852,-0.232712,0.201189,0.25416,-0.138721,-0.165239
1923,-0.121065,-0.735001,-0.0266211,-0.0677924,-0.1616,0.3,-0.555556,-0.148184,-0.206528,-0.3,0,0.182897,-0.42045,-0.310521,0.268355,0.604078,-1,0.3,-0.492044,-0.424663,0.147106,-0.508321,-0.512137,-0.156151,0.395267
1930,0.121411,-0.31868,-0.536869,-0.479398,-0.0693335,-0.382479,0,0.821436,0.00883707,-0.438052,-0.3,0.0288462,-0.0297425,-0.222884,0.201215,-0.140104,-0.521064,-0.0434734,-0.370188,-0.397934,0.591911,0.0646865,-0.2394,-0.208985,-0.189827
1944,-0.179871,-0.599682,0.0971843,0.536108,-0.44667,-0.111955,-0.116667,0.363716,-0.179188,-0.514942,0.3,-0.251282,0.120978,0.172116,-0.0484222,-0.148881,-0.675008,-0.496356,-0.629123,0.180581,-0.338682,0.187655,-0.0316447,-0.0362553,-0.189827
1947,-0.713247,-0.53469,-0.898471,-0.211928,-0.737659,-0.3,-0.3,0.219343,-0.502003,-0.675509,-0.3,0.124626,-0.249686,-0.496906,0.0064199,-0.537017,-0.00705227,0.110443,-0.0219554,-0.486595,-0.318875,0.099881,0.26028,-0.538877,-0.364739
1950,0.697066,0.39261,0.130631,0.168237,0.00559585,-0.722732,-0.195238,-0.230623,0.128852,-0.213215,-0.3,0.727302,0.728248,-0.166433,-0.13383,0.0562211,-0.067365,0.67485,0.0369506,0.480584,-0.220452,-0.0641252,0.536601,0.484656,0.725443
1951,0.839696,-0.213841,0.80585,-0.311767,0.607603,0.0458256,0.0666667,0.320617,0.482054,-0.359814,-0.3,0.771474,-0.22544,-0.191025,0.751153,0.0612788,-0.0501328,-0.0897068,-0.390377,0.425936,-0.173488,-0.0712431,-0.0856444,0.147634,0.557112
1959,-0.456561,-0.347762,-0.521246,-0.4882,-0.108716,-0.103115,0,0.24053,-0.0483889,-0.0977887,-0.3,-0.470311,-0.0941885,-0.00195821,0.253352,-0.134528,-0.177938,-0.741084,-0.250385,0.463594,0.149592,-0.333999,-0.466162,0.696032,-0.245058
1967,0.122424,0.194694,0.0733017,0.384112,-0.597028,-0.105279,-0.3,-0.113008,-0.238246,0.00813146,-0.3,-0.3,0.0118356,-0.569637,-0.177283,-0.33315,-0.0203681,-0.0291079,0.0498893,-0.391242,0.529617,-0.112939,-0.296735,-0.435695,-0.314714
1978,-0.0976273,0.40875,1,-0.342564,0.170998,-0.056882,0,0.587494,0.114775,0.547518,-0.3,0.688986,0.74907,0.15974,-0.0753783,0.706663,-0.0489019,-0.330465,0.0508342,0.719338,-0.257668,0.404648,0.25793,-0.109665,0.298563
1980,0.0168181,-0.079428,-0.550014,0.117257,0.122889,-0.700006,0.3,0.796995,-0.169368,0.131384,0.3,-0.3,-0.089511,-0.419562,-0.220253,0.621312,0.090597,0.0621552,-0.471078,-0.0773039,-0.178657,-0.589813,0.18591,0.0915183,0.530424
1981,0.175227,1,-0.7432,-0.896852,-0.0693335,0.3,0,-0.682942,0.156852,-0.3,-1,-0.3,-0.112899,-0.124867,-0.816426,-0.259678,0.0295662,-0.106851,-0.387187,0.0516254,0.0943635,-0.652341,-0.0494717,0.00317788,-0.156669
1993,0.0333778,-0.249829,0.0208031,0.764649,0.738559,-0.644759,0.3,0.235285,0.29091,-0.278996,-0.3,0.50201,0.0874019,0.189447,-0.109116,0.0468389,-0.0377096,0.706,0.677429,0.380548,0.676967,0.357537,0.731073,0.145859,-0.261076
2019,0.699846,-0.520438,0.692248,-0.506565,-0.395542,0.206275,-0.116667,-0.138327,0.0780866,-0.0622548,-0.3,0.349756,-0.224013,-0.11274,0.694075,-0.119896,-0.0175147,-0.396719,0.0583686,0.454685,-0.163627,-0.420276,-0.317247,0.0824146,0.22268
2023,0.709275,0.400297,-0.3954,0.620538,-0.456576,-0.00169009,-0.3,-0.0941761,-0.256065,-0.115921,-0.3,0.793491,0.0428608,-0.0273595,-0.390752,-0.287535,-0.045027,-0.0404555,-0.132957,0.68609,0.26471,-0.172626,0.441184,0.00853734,-0.358697
2025,-0.393621,0.811953,0.850164,0.30424,0.0429115,0.277434,0.3,-0.048532,0.21439,0.556184,-0.3,0.0550364,0.767273,-0.0280941,0.603168,0.597771,-0.464654,0.55724,0.324357,0.00215162,0.282437,-0.222716,0.653664,-0.130629,0.711194
2029,-0.695973,-0.585262,-0.647175,0.828272,0.0954282,-0.253975,-1,-0.198985,-0.357073,-0.0603422,-0.3,-0.349615,-0.174808,-0.0967319,-0.377546,-0.347102,-0.0558769,-6.12404E-05,-0.0632593,-0.19307,0.0368752,-0.267291,-0.388141,-0.45436,-0.183223
2076,-0.456561,0.548852,0.392851,-0.05657,-0.117895,0.0495707,-0.153333,-0.315499,0.226856,-0.0926038,-0.3,-0.00769231,0.0207452,-0.182173,-0.539393,0.743928,-0.0314646,0.0353616,0.628766,-0.0295181,0.147224,0.280194,-0.141429,-0.206449,0.435495
2077,-0.736194,-0.715114,-1,-0.804143,-0.184667,-0.198745,0,-0.364668,-0.36487,-0.240086,0,-0.479321,-0.0380581,-0.249764,-0.72861,-0.656473,-0.226763,0.3,-0.572188,-0.6098,-0.436113,-0.203199,-0.499159,-0.808785,-0.035485
2087,0.143983,0.841317,0.163382,0.746317,0.757161,-0.083646,0.3,0.0371372,0.420632,-0.160962,-0.3,0.274576,-0.505855,-0.0435966,0.675654,0.206667,0.0167923,0.00826944,-0.176549,-0.151183,-0.0354693,0.725649,-0.0924783,0.34958,0.708237
2091,-0.144375,0.849605,0.369163,-0.00922131,-0.17025,-0.243747,-0.3,-0.354306,-0.0727456,0.234692,-0.3,-0.135577,0.0118356,0.732188,-0.201365,0.295312,-0.0192584,-0.163341,0.186691,-0.50681,-0.344854,0.385976,0.0548574,-0.197417,0.682492
2102,0.502402,1,-0.0790712,-0.0793059,-0.0086077,-0.422699,0,-0.145143,0.510843,-0.153361,0,-0.287611,0.655752,0.159299,-0.0916916,-0.105583,0.139422,0.0386151,-0.121067,0.0468425,0.752997,0.740868,0.0140201,-0.441451,-0.351561
2122,0.172384,0.0613032,-0.142338,0.388288,-0.0437039,-0.660411,-0.3,-0.0340512,0.542186,-0.126676,-0.3,0.340345,-0.526772,-0.0997054,0.628794,0.438243,-0.00705227,0.0212159,0.256594,-0.120109,-0.160337,0.249306,0.0351867,0.36568,0.690448
2127,0.0977861,0.0970462,-0.480062,0.729823,0.170793,0.801528,-0.130769,0.412321,0.281685,0.632605,0.3,0.129204,-0.174808,0.676158,0.335376,0.427732,-0.226582,0.157472,0.133503,0.298646,0.0408418,0.699878,0.641752,0.655902,0.187926
2140,0.713134,-0.08384,-0.321704,-0.229754,-0.284608,0.113286,-0.025,0.702186,-0.156461,0.423124,-0.3,-0.267781,0.593386,0.589944,-0.368613,-0.134166,-0.0183195,-0.0312393,-0.317513,0.00633371,0.242717,0.129629,0.0592337,0.064055,0.723296
2159,0.271582,-0.117246,0.893601,0.483991,0.0340687,-0.3,0,0.89721,-0.157186,-0.0794059,0,-0.814176,-0.089511,0.763239,0.0556243,-0.049901,0.285895,0.169077,0.0932803,-0.0468154,0.216997,-0.524355,0.800331,-0.362699,-0.417716
2165,-0.146199,0.36099,0.658264,0.739241,-0.104769,-0.0709709,-0.153333,0.656299,0.262454,-0.19263,-0.3,0.804734,-0.368689,0.184652,0.367937,0.387061,-0.496151,-0.399628,0.595638,0.186813,0.662362,-0.067804,0.277149,0.725742,0.705975
2177,-0.469957,0.830022,-0.130765,-0.389476,-0.0329125,-0.0974901,-0.3,-0.277321,-0.393874,-0.376763,-0.3,-0.156594,-0.293923,-0.450871,0.62182,-0.151435,-0.0884266,0.121844,-0.462542,0.756192,-0.511952,-0.419592,-0.261344,-0.4928,0.202732
2189,-0.919608,0.168445,0.807621,-0.468733,-0.174182,-0.3,0,-0.0120566,0.00070206,0.00813146,-0.3,-0.0807692,-0.0505315,0.283716,0.0907103,-0.27451,0.0661847,0.3,-0.0108336,-0.145527,-0.0168672,-0.0553175,-0.398706,-0.758175,0.0670113
2204,0.238328,0.0781867,-0.00383949,-0.477467,0.00755528,-0.3,0,0.778202,0.179255,0.23923,-0.3,0.448831,0.058611,0.778807,-0.013816,-0.0311517,0.285895,-0.557959,-0.496781,0.323488,0.336087,-0.452713,0.166928,0.0548163,0.662274
2209,0.599252,-0.737439,-0.264279,0.811003,-0.0308891,-0.074989,0.0666667,0.307711,0.715594,-0.00342346,0,-0.190385,0.0929129,0.230933,0.811432,0.281532,0.0557222,-0.460072,-0.152457,0.902322,0.677981,-0.0394173,-0.15199,0.39353,0.740091